session_id,turn_number,role,content,response_class,alignment,confidence,claim_text,claim_alignment,mapped_to_slide,prior_conflict
sess_4a273d65,1,user,"Travelling is widely regarded as an enriching experience that allows individuals to explore new places, engage",weak,novel,0.8,"Travelling is widely regarded as an enriching experience that allows individuals to explore new places, engage",novel,,
sess_4a273d65,1,agent,How do the interactive and community-driven features of TravelGo specifically address the challenge of limited time for travelers?,,,,"Travelling is widely regarded as an enriching experience that allows individuals to explore new places, engage",novel,,
sess_4a273d65,2,user,"with diverse cultures, and participate in the social life of a destination. However, travelers often face",strong,supported,0.95,"with diverse cultures, and participate in the social life of a destination. However, travelers often face",supported,,
sess_4a273d65,2,agent,How do the interactive and community-driven features specifically help travelers manage their limited time more effectively?,,,,"with diverse cultures, and participate in the social life of a destination. However, travelers often face",supported,,
sess_4a273d65,3,user,considerable challenges. Limited time can make it difficult to fully engage with the abundance of culture and,weak,supported,0.85,considerable challenges. Limited time can make it difficult to fully engage with the abundance of culture and,supported,,[sess_2edc1464-1]
sess_4a273d65,3,agent,"Does this challenge specifically relate more to the difficulty in experiencing cultural activities, or does it also encompass other aspects like meeting locals or understanding local customs?",,,,considerable challenges. Limited time can make it difficult to fully engage with the abundance of culture and,supported,,[sess_2edc1464-1]
sess_4a273d65,4,user,"history, and often makes it impossible to visit all tourist attractions.",weak,contradicted,0.9,"history, and often makes it impossible to visit all tourist attractions.",contradicted,,[sess_2edc1464-1]
sess_4a273d65,4,agent,"Does the limited time refer to a specific duration, or is it meant to be a general statement about visiting tourist attractions?",,,,"history, and often makes it impossible to visit all tourist attractions.",contradicted,,[sess_2edc1464-1]
sess_4a273d65,5,user,"Another challenge lies in connecting with other travelers. Tourist, especially those travelling alone, can face",weak,novel,0.8,"Another challenge lies in connecting with other travelers. Tourist, especially those travelling alone, can face",novel,,
sess_4a273d65,5,agent,"Does limited time make it harder for solo travelers to connect with others, and if so, how does TravelGo specifically address this challenge?",,,,"Another challenge lies in connecting with other travelers. Tourist, especially those travelling alone, can face",novel,,
